timestamp_envio,timestamp_respuesta,exito,replica,tarjeta,latency_ms
1788884323.228,1788884323.442,1,A,6991,213.51
1788884323.228,1788884323.521,1,C,6991,242.58
1788884323.228,1788884323.521,1,C,6991,241.75
1788884323.228,1788884323.522,1,B,6991,240.71
1788884323.228,1788884323.532,1,B,6991,249.68
1788884323.228,1788884323.527,1,B,6991,242.46
1788884323.228,1788884323.527,1,B,6991,241.15
1788884323.228,1788884323.532,1,C,6991,244.52
1788884323.228,1788884323.533,1,A,6991,243.81
1788884323.228,1788884323.533,1,B,6991,242.89
1788884323.228,1788884323.534,1,A,6991,242.09
1788884323.228,1788884323.534,1,C,6991,241.29
1788884323.228,1788884323.530,1,C,6991,235.86
1788884323.228,1788884323.531,1,C,6991,234.99
1788884323.228,1788884323.529,1,A,6991,231.87
1788884323.228,1788884323.530,1,B,6991,230.78
1788884323.228,1788884323.530,1,B,6991,229.87
1788884323.228,1788884323.531,1,C,6991,229.02
1788884323.228,1788884323.531,1,A,6991,227.83
1788884323.228,1788884323.532,1,C,6991,226.68
1788884324.235,1788884324.272,1,B,1040,36.69
1788884324.235,1788884324.281,1,A,1040,45.01
1788884324.235,1788884324.371,1,C,1040,133.94
1788884324.235,1788884324.313,1,A,1040,75.24
1788884324.235,1788884324.288,1,B,1040,50.01
1788884324.235,1788884324.435,1,A,1040,196.47
1788884324.235,1788884324.449,1,C,1040,208.99
1788884324.235,1788884324.300,1,B,1040,59.66
1788884324.235,1788884324.439,1,B,1040,198.32
1788884324.235,1788884324.455,1,A,1040,213.64
1788884324.235,1788884324.382,1,A,1040,139.80
1788884324.235,1788884324.409,1,C,1040,166.12
1788884324.235,1788884324.339,1,C,1040,96.26
1788884324.235,1788884324.361,1,B,1040,117.66
1788884324.235,1788884324.420,1,A,1040,175.73
1788884324.235,1788884324.453,1,C,1040,207.64
1788884324.235,1788884324.424,1,B,1040,178.14
1788884324.235,1788884324.397,1,C,1040,150.76
1788884324.235,1788884324.444,1,C,1040,197.68
1788884324.235,1788884324.349,1,A,1040,101.15
1788884325.239,1788884325.309,1,A,6869,69.25
1788884325.239,1788884325.353,1,C,6869,112.31
1788884325.239,1788884325.459,1,A,6869,216.78
1788884325.239,1788884325.563,1,B,6869,320.00
1788884325.239,1788884325.375,1,A,6869,132.01
1788884325.239,1788884325.478,1,A,6869,233.63
1788884325.239,1788884325.573,1,A,6869,328.61
1788884325.239,1788884325.407,1,A,6869,162.11
1788884325.239,1788884325.579,1,C,6869,332.81
1788884325.239,1788884325.584,1,C,6869,337.54
1788884325.239,1788884325.562,1,B,6869,315.11
1788884325.239,1788884325.478,1,C,6869,230.80
1788884325.239,1788884325.505,1,A,6869,256.53
1788884325.239,1788884325.536,1,B,6869,286.72
1788884325.239,1788884325.552,1,B,6869,302.18
1788884325.239,1788884325.434,1,A,6869,184.32
1788884325.239,1788884325.576,1,C,6869,325.26
1788884325.239,1788884325.589,1,C,6869,337.34
1788884325.239,1788884325.524,1,A,6869,271.99
1788884325.239,1788884325.517,1,B,6869,264.77
1788884326.244,1788884326.309,1,A,6291,64.62
1788884326.244,1788884326.322,1,B,6291,75.71
1788884326.244,1788884326.512,1,A,6291,265.24
1788884326.244,1788884326.376,1,C,6291,128.45
1788884326.244,1788884326.343,1,A,6291,94.82
1788884326.244,1788884326.602,1,A,6291,352.33
1788884326.244,1788884326.598,1,B,6291,346.58
1788884326.244,1788884326.362,1,C,6291,109.94
1788884326.244,1788884326.593,1,A,6291,340.10
1788884326.244,1788884326.581,1,C,6291,326.70
1788884326.244,1788884326.520,1,B,6291,264.40
1788884326.244,1788884326.542,1,C,6291,285.28
1788884326.244,1788884326.417,1,C,6291,159.65
1788884326.244,1788884326.554,1,A,6291,295.34
1788884326.244,1788884326.496,1,A,6291,236.71
1788884326.244,1788884326.450,1,B,6291,189.56
1788884326.244,1788884326.586,1,A,6291,324.08
1788884326.244,1788884326.478,1,C,6291,215.14
1788884326.244,1788884326.600,1,A,6291,336.45
1788884326.244,1788884326.572,1,B,6291,307.21
1788884327.250,1788884327.312,1,C,7787,61.26
1788884327.250,1788884327.329,1,A,7787,76.74
1788884327.250,1788884327.587,1,A,7787,334.47
1788884327.250,1788884327.426,1,B,7787,171.78
1788884327.250,1788884327.354,1,B,7787,98.82
1788884327.250,1788884327.621,1,B,7787,363.82
1788884327.250,1788884327.476,1,C,7787,218.59
1788884327.250,1788884327.388,1,A,7787,129.09
1788884327.250,1788884327.602,1,A,7787,342.45
1788884327.250,1788884327.609,1,A,7787,348.15
1788884327.250,1788884327.497,1,C,7787,235.84
1788884327.250,1788884327.614,1,B,7787,350.96
1788884327.250,1788884327.452,1,C,7787,187.96
1788884327.251,1788884327.551,1,A,7787,286.08
1788884327.251,1788884327.568,1,A,7787,301.91
1788884327.251,1788884327.626,1,C,7787,358.67
1788884327.251,1788884327.584,1,C,7787,315.60
1788884327.251,1788884327.540,1,B,7787,270.79
1788884327.251,1788884327.599,1,A,7787,327.58
1788884327.251,1788884327.519,1,B,7787,247.01
1788884328.262,1788884328.323,1,A,1517,61.07
1788884328.262,1788884328.332,1,A,1517,68.60
1788884328.262,1788884328.522,1,A,1517,257.07
1788884328.262,1788884328.388,1,C,1517,121.24
1788884328.262,1788884328.348,1,B,1517,80.34
1788884328.262,1788884328.539,1,A,1517,270.79
1788884328.262,1788884328.446,1,A,1517,176.33
1788884328.262,1788884328.366,1,A,1517,95.14
1788884328.262,1788884328.540,1,B,1517,268.20
1788884328.262,1788884328.557,1,B,1517,284.14
1788884328.262,1788884328.544,1,C,1517,269.71
1788884328.262,1788884328.556,1,A,1517,281.70
1788884328.262,1788884328.420,1,A,1517,144.14
1788884328.262,1788884328.535,1,A,1517,257.49
1788884328.262,1788884328.508,1,B,1517,229.76
1788884328.262,1788884328.558,1,A,1517,279.18
1788884328.262,1788884328.464,1,B,1517,183.78
1788884328.262,1788884328.482,1,B,1517,200.69
1788884328.262,1788884328.551,1,A,1517,269.13
1788884328.262,1788884328.490,1,C,1517,207.31
1788884329.271,1788884329.349,1,C,2602,77.97
1788884329.271,1788884329.364,1,B,2602,91.48
1788884329.271,1788884329.542,1,B,2602,268.33
1788884329.271,1788884329.408,1,B,2602,132.47
1788884329.271,1788884329.384,1,B,2602,105.55
1788884329.271,1788884329.558,1,A,2602,277.34
1788884329.271,1788884329.503,1,B,2602,221.08
1788884329.271,1788884329.393,1,A,2602,108.82
1788884329.271,1788884329.564,1,A,2602,278.09
1788884329.271,1788884329.596,1,B,2602,308.98
1788884329.271,1788884329.609,1,B,2602,320.99
1788884329.271,1788884329.580,1,B,2602,290.72
1788884329.271,1788884329.426,1,A,2602,135.30
1788884329.271,1788884329.536,1,C,2602,243.96
1788884329.271,1788884329.607,1,B,2602,313.22
1788884329.271,1788884329.455,1,C,2602,159.58
1788884329.271,1788884329.599,1,B,2602,300.97
1788884329.271,1788884329.516,1,C,2602,216.04
1788884329.271,1788884329.595,1,B,2602,292.98
1788884329.271,1788884329.591,1,C,2602,288.75
1788884330.279,1788884330.344,1,B,5308,65.52
1788884330.279,1788884330.359,1,A,5308,79.17
1788884330.279,1788884330.588,1,A,5308,307.48
1788884330.279,1788884330.403,1,A,5308,121.64
1788884330.279,1788884330.373,1,A,5308,90.89
1788884330.279,1788884330.507,1,A,5308,223.57
1788884330.279,1788884330.594,1,C,5308,308.60
1788884330.279,1788884330.391,1,C,5308,103.96
1788884330.279,1788884330.594,1,A,5308,306.11
1788884330.279,1788884330.526,1,B,5308,236.32
1788884330.279,1788884330.512,1,B,5308,221.77
1788884330.279,1788884330.519,1,B,5308,226.76
1788884330.279,1788884330.425,1,C,5308,132.12
1788884330.279,1788884330.590,1,B,5308,295.23
1788884330.279,1788884330.452,1,B,5308,156.50
1788884330.279,1788884330.584,1,C,5308,287.38
1788884330.279,1788884330.589,1,A,5308,290.63
1788884330.279,1788884330.593,1,A,5308,292.89
1788884330.279,1788884330.595,1,B,5308,293.10
1788884330.279,1788884330.592,1,A,5308,289.26
1788884331.290,1788884331.360,1,A,1752,69.60
1788884331.290,1788884331.370,1,A,1752,77.91
1788884331.290,1788884331.536,1,B,1752,243.05
1788884331.290,1788884331.414,1,B,1752,119.66
1788884331.290,1788884331.386,1,B,1752,91.19
1788884331.290,1788884331.614,1,C,1752,318.02
1788884331.290,1788884331.471,1,A,1752,174.55
1788884331.290,1788884331.400,1,A,1752,101.74
1788884331.290,1788884331.637,1,A,1752,337.09
1788884331.290,1788884331.595,1,C,1752,294.40
1788884331.290,1788884331.616,1,A,1752,314.31
1788884331.290,1788884331.625,1,C,1752,321.88
1788884331.290,1788884331.440,1,C,1752,136.51
1788884331.290,1788884331.632,1,B,1752,327.03
1788884331.290,1788884331.557,1,A,1752,250.83
1788884331.290,1788884331.639,1,A,1752,331.10
1788884331.290,1788884331.502,1,A,1752,193.09
1788884331.290,1788884331.519,1,C,1752,209.37
1788884331.290,1788884331.572,1,B,1752,261.28
1788884331.290,1788884331.583,1,C,2525,271.87
1788884332.296,1788884332.353,1,C,6788,56.91
1788884332.296,1788884332.372,1,C,6788,74.25
1788884332.296,1788884332.633,1,A,6788,333.52
1788884332.296,1788884332.435,1,A,6788,134.51
1788884332.296,1788884332.395,1,C,6788,92.23
1788884332.296,1788884332.627,1,C,6788,323.93
1788884332.296,1788884332.616,1,C,6788,311.08
1788884332.296,1788884332.417,1,C,6788,111.71
1788884332.296,1788884332.638,1,A,6788,331.60
1788884332.296,1788884332.521,1,A,6788,213.50
1788884332.296,1788884332.541,1,C,6788,232.66
1788884332.296,1788884332.570,1,B,6788,260.57
1788884332.296,1788884332.481,1,B,6788,170.19
1788884332.296,1788884332.590,1,C,6788,278.14
1788884332.296,1788884332.606,1,C,6788,292.61
1788884332.296,1788884332.507,1,A,6788,193.00
1788884332.296,1788884332.562,1,C,6788,246.84
1788884332.296,1788884332.593,1,A,6788,276.66
1788884332.296,1788884332.643,1,B,6788,325.81
1788884332.296,1788884332.623,1,A,6788,305.11
1788884333.304,1788884333.395,1,C,3646,90.92
1788884333.304,1788884333.405,1,C,3646,98.03
1788884333.304,1788884333.662,1,A,3646,353.92
1788884333.304,1788884333.453,1,B,3646,142.90
1788884333.304,1788884333.419,1,A,3646,107.16
1788884333.304,1788884333.666,1,B,3646,350.84
1788884333.304,1788884333.526,1,C,3646,208.75
1788884333.304,1788884333.434,1,B,3646,113.22
1788884333.304,1788884333.595,1,C,3646,271.25
1788884333.304,1788884333.637,1,B,3646,310.77
1788884333.304,1788884333.668,1,C,3646,338.72
1788884333.304,1788884333.666,1,C,3646,335.40
1788884333.304,1788884333.486,1,B,3646,152.60
1788884333.304,1788884333.668,1,C,3646,333.34
1788884333.304,1788884333.670,1,C,3646,333.70
1788884333.304,1788884333.660,1,C,3646,321.41
1788884333.304,1788884333.654,1,C,3646,312.85
1788884333.304,1788884333.564,1,A,3646,220.82
1788884333.304,1788884333.576,1,A,3646,231.57
1788884333.304,1788884333.645,1,C,3646,298.94
1788884334.313,1788884334.385,1,A,9765,71.82
1788884334.313,1788884334.395,1,C,9765,80.29
1788884334.313,1788884334.655,1,B,9765,338.63
1788884334.313,1788884334.438,1,B,9765,120.40
1788884334.313,1788884334.409,1,A,9765,90.42
1788884334.313,1788884334.637,1,B,9765,317.35
1788884334.313,1788884334.472,1,A,9765,151.72
1788884334.313,1788884334.422,1,C,9765,100.72
1788884334.313,1788884334.636,1,C,9765,313.01
1788884334.313,1788884334.561,1,B,9765,237.02
1788884334.313,1788884334.647,1,A,9765,322.12
1788884334.313,1788884334.652,1,B,9765,326.47
1788884334.313,1788884334.453,1,C,9765,126.42
1788884334.313,1788884334.649,1,B,9765,320.55
1788884334.313,1788884334.651,1,A,9765,322.13
1788884334.313,1788884334.649,1,A,9765,319.36
1788884334.313,1788884334.654,1,B,9765,322.50
1788884334.313,1788884334.548,1,A,9765,214.71
1788884334.313,1788884334.567,1,B,9765,232.39
1788884334.313,1788884334.648,1,A,9765,310.74
1788884335.325,1788884335.400,1,C,4490,74.66
1788884335.325,1788884335.411,1,A,4490,84.49
1788884335.325,1788884335.652,1,C,4490,323.19
1788884335.325,1788884335.461,1,A,4490,130.79
1788884335.325,1788884335.427,1,B,4490,95.02
1788884335.325,1788884335.626,1,C,4490,292.05
1788884335.325,1788884335.562,1,A,4490,227.44
1788884335.325,1788884335.444,1,B,4490,107.85
1788884335.325,1788884335.662,1,A,4490,323.87
1788884335.325,1788884335.664,1,B,4490,324.55
1788884335.325,1788884335.698,1,A,4490,356.06
1788884335.325,1788884335.707,1,C,4490,363.76
1788884335.325,1788884335.493,1,A,4490,147.83
1788884335.325,1788884335.703,1,A,4490,355.43
1788884335.325,1788884335.701,1,B,4490,351.85
1788884335.325,1788884335.529,1,A,4490,177.81
1788884335.325,1788884335.595,1,B,4490,242.28
1788884335.325,1788884335.660,1,A,4490,305.61
1788884335.325,1788884335.706,1,B,4490,349.13
1788884335.325,1788884335.668,1,B,4490,310.16
1788884336.331,1788884336.400,1,A,3512,69.07
1788884336.331,1788884336.413,1,B,3512,79.70
1788884336.331,1788884336.622,1,A,3512,288.15
1788884336.331,1788884336.462,1,A,3512,126.93
1788884336.331,1788884336.431,1,A,3512,95.03
1788884336.331,1788884336.727,1,B,3512,389.31
1788884336.331,1788884336.541,1,B,3512,202.30
1788884336.331,1788884336.448,1,B,3512,108.05
1788884336.331,1788884336.714,1,A,3512,373.07
1788884336.331,1788884336.704,1,B,3512,361.46
1788884336.331,1788884336.730,1,A,3512,386.30
1788884336.331,1788884336.638,1,A,3512,293.80
1788884336.331,1788884336.498,1,A,3512,152.79
1788884336.331,1788884336.721,1,C,3512,374.57
1788884336.331,1788884336.668,1,B,3512,320.04
1788884336.331,1788884336.683,1,C,3512,334.00
1788884336.331,1788884336.582,1,A,3512,231.68
1788884336.331,1788884336.604,1,C,3512,252.77
1788884336.331,1788884336.654,1,B,3512,300.80
1788884336.331,1788884336.700,1,A,3512,345.63
1788884337.340,1788884337.406,1,C,8220,66.35
1788884337.340,1788884337.419,1,A,8220,77.09
1788884337.340,1788884337.640,1,C,8220,296.67
1788884337.340,1788884337.464,1,B,8220,119.02
1788884337.340,1788884337.433,1,B,8220,87.15
1788884337.340,1788884337.647,1,B,8220,298.99
1788884337.340,1788884337.553,1,C,8220,204.09
1788884337.340,1788884337.448,1,A,8220,97.97
1788884337.340,1788884337.705,1,A,8220,353.97
1788884337.340,1788884337.701,1,C,8220,349.12
1788884337.340,1788884337.706,1,B,8220,352.50
1788884337.340,1788884337.633,1,A,8220,278.41
1788884337.340,1788884337.493,1,A,8220,136.93
1788884337.340,1788884337.704,1,C,8220,346.19
1788884337.340,1788884337.703,1,B,8220,344.27
1788884337.340,1788884337.526,1,C,8220,166.59
1788884337.340,1788884337.586,1,A,8220,224.47
1788884337.340,1788884337.645,1,C,8220,283.00
1788884337.340,1788884337.700,1,A,8220,336.88
1788884337.340,1788884337.702,1,C,8220,337.77
1788884338.349,1788884338.404,1,C,5324,54.85
1788884338.349,1788884338.416,1,A,5324,64.92
1788884338.349,1788884338.626,1,A,5324,274.00
1788884338.349,1788884338.474,1,B,5324,121.33
1788884338.349,1788884338.427,1,A,5324,72.80
1788884338.349,1788884338.620,1,C,5324,264.41
1788884338.349,1788884338.624,1,A,5324,267.48
1788884338.349,1788884338.450,1,A,5324,92.16
1788884338.349,1788884338.640,1,A,5324,281.17
1788884338.349,1788884338.638,1,C,5324,277.99
1788884338.349,1788884338.621,1,C,5324,260.01
1788884338.349,1788884338.633,1,A,5324,271.57
1788884338.349,1788884338.522,1,B,5324,158.85
1788884338.349,1788884338.642,1,A,5324,278.39
1788884338.349,1788884338.643,1,A,5324,278.68
1788884338.349,1788884338.558,1,C,5324,192.22
1788884338.349,1788884338.633,1,A,5324,266.06
1788884338.349,1788884338.569,1,A,5324,200.81
1788884338.349,1788884338.632,1,C,5324,263.45
1788884338.349,1788884338.629,1,A,5324,259.94
1788884339.357,1788884339.419,1,A,9180,62.53
1788884339.357,1788884339.451,1,C,9180,92.36
1788884339.357,1788884339.603,1,C,9180,243.58
1788884339.357,1788884339.543,1,A,9180,182.66
1788884339.357,1788884339.447,1,A,9180,84.78
1788884339.357,1788884339.626,1,A,9180,262.85
1788884339.357,1788884339.570,1,C,9180,206.56
1788884339.357,1788884339.522,1,C,9180,157.99
1788884339.357,1788884339.625,1,C,9180,260.06
1788884339.357,1788884339.627,1,C,9180,261.34
1788884339.357,1788884339.616,1,A,9180,249.27
1788884339.357,1788884339.613,1,A,9180,244.83
1788884339.357,1788884339.524,1,C,9180,155.64
1788884339.357,1788884339.623,1,A,9180,253.12
1788884339.357,1788884339.622,1,C,9180,250.97
1788884339.357,1788884339.585,1,A,9180,213.50
1788884339.357,1788884339.596,1,C,9180,223.43
1788884339.357,1788884339.621,1,A,9180,247.77
1788884339.357,1788884339.617,1,A,9180,242.54
1788884339.357,1788884339.618,1,A,9180,242.31
1788884340.365,1788884340.406,1,A,8031,41.69
1788884340.365,1788884340.419,1,C,8031,53.18
1788884340.365,1788884340.566,1,A,8031,198.81
1788884340.365,1788884340.465,1,C,8031,96.38
1788884340.365,1788884340.442,1,C,8031,71.96
1788884340.365,1788884340.466,1,C,8031,94.87
1788884340.365,1788884340.505,1,A,8031,133.48
1788884340.365,1788884340.445,1,A,8031,72.77
1788884340.365,1788884340.521,1,A,8031,147.27
1788884340.365,1788884340.494,1,A,8031,119.63
1788884340.365,1788884340.558,1,C,8031,181.93
1788884340.365,1788884340.456,1,C,8031,78.79
1788884340.365,1788884340.532,1,A,8031,154.27
1788884340.365,1788884340.550,1,C,8031,171.78
1788884340.365,1788884340.475,1,A,8031,95.62
1788884340.365,1788884340.539,1,A,8031,157.61
1788884340.365,1788884340.568,1,A,8031,185.72
1788884340.365,1788884340.562,1,C,8031,178.99
1788884340.365,1788884340.556,1,A,8031,172.34
1788884340.365,1788884340.506,1,C,8031,121.28
1788884341.373,1788884341.412,1,A,7239,39.09
1788884341.373,1788884341.429,1,C,7239,54.16
1788884341.373,1788884341.500,1,A,7239,124.29
1788884341.373,1788884341.467,1,C,7239,90.14
1788884341.373,1788884341.433,1,A,7239,55.98
1788884341.373,1788884341.555,1,A,7239,176.24
1788884341.373,1788884341.511,1,C,7239,131.57
1788884341.373,1788884341.453,1,A,7239,72.90
1788884341.373,1788884341.549,1,C,7239,167.58
1788884341.373,1788884341.485,1,A,7239,102.44
1788884341.373,1788884341.463,1,A,7239,79.35
1788884341.373,1788884341.473,1,C,7239,88.65
1788884341.373,1788884341.503,1,A,7239,117.62
1788884341.373,1788884341.508,1,C,7239,122.04
1788884341.373,1788884341.477,1,A,7239,89.71
1788884341.373,1788884341.546,1,C,7239,158.10
1788884341.373,1788884341.542,1,C,7239,152.46
1788884341.373,1788884341.532,1,A,7239,142.10
1788884341.373,1788884341.553,1,C,7239,161.28
1788884341.373,1788884341.491,1,A,7239,98.78
1788884342.385,1788884342.432,1,C,1650,46.50
1788884342.385,1788884342.447,1,C,1650,59.73
1788884342.385,1788884342.522,1,A,1650,133.95
1788884342.385,1788884342.476,1,C,1650,86.88
1788884342.385,1788884342.451,1,A,1650,60.95
1788884342.385,1788884342.492,1,C,1650,100.75
1788884342.385,1788884342.498,1,A,1650,106.04
1788884342.385,1788884342.465,1,A,1650,71.11
1788884342.385,1788884342.528,1,A,1650,133.68
1788884342.385,1788884342.513,1,C,1650,117.47
1788884342.385,1788884342.571,1,C,1650,173.86
1788884342.385,1788884342.481,1,A,1650,83.51
1788884342.385,1788884342.569,1,A,1650,170.25
1788884342.385,1788884342.538,1,A,1650,138.38
1788884342.385,1788884342.507,1,A,1650,106.03
1788884342.385,1788884342.573,1,A,1650,170.94
1788884342.385,1788884342.563,1,C,1650,159.02
1788884342.385,1788884342.537,1,C,1650,131.94
1788884342.385,1788884342.558,1,A,1650,152.26
1788884342.385,1788884342.516,1,A,1650,109.72
1788884343.395,1788884343.451,1,C,5144,56.09
1788884343.395,1788884343.467,1,C,5144,70.84
1788884343.395,1788884343.611,1,A,5144,213.30
1788884343.395,1788884343.493,1,A,5144,94.49
1788884343.395,1788884343.474,1,C,5144,74.35
1788884343.395,1788884343.632,1,C,5144,230.23
1788884343.395,1788884343.614,1,A,5144,210.98
1788884343.395,1788884343.487,1,A,5144,82.52
1788884343.395,1788884343.615,1,C,5144,209.22
1788884343.395,1788884343.514,1,C,5144,106.59
1788884343.395,1788884343.567,1,A,5144,158.53
1788884343.395,1788884343.527,1,A,5144,116.48
1788884343.395,1788884343.504,1,A,5144,92.28
1788884343.395,1788884343.605,1,C,5144,191.73
1788884343.395,1788884343.547,1,A,5144,132.60
1788884343.395,1788884343.594,1,A,5144,178.08
1788884343.395,1788884343.535,1,A,5144,116.81
1788884343.395,1788884343.628,1,C,5144,208.56
1788884343.395,1788884343.634,1,C,5144,212.23
1788884343.395,1788884343.630,1,C,5144,205.96
1788884344.405,1788884344.463,1,C,2498,57.31
1788884344.405,1788884344.470,1,C,2498,63.01
1788884344.405,1788884344.599,1,C,2498,190.79
1788884344.405,1788884344.502,1,C,2498,92.26
1788884344.405,1788884344.476,1,A,2498,64.79
1788884344.405,1788884344.519,1,A,2498,105.72
1788884344.405,1788884344.580,1,A,2498,165.04
1788884344.405,1788884344.484,1,C,2498,67.56
1788884344.405,1788884344.548,1,C,2498,130.88
1788884344.405,1788884344.607,1,C,2498,187.53
1788884344.405,1788884344.533,1,C,2498,111.70
1788884344.405,1788884344.510,1,C,2498,87.62
1788884344.405,1788884344.523,1,C,2498,99.78
1788884344.405,1788884344.602,1,A,2498,177.48
1788884344.405,1788884344.545,1,C,2498,119.38
1788884344.405,1788884344.558,1,C,2498,130.87
1788884344.405,1788884344.608,1,C,2498,180.84
1788884344.405,1788884344.542,1,C,2498,113.30
1788884344.405,1788884344.553,1,A,2498,123.66
1788884344.405,1788884344.589,1,C,2498,157.24
1788884345.418,1788884345.658,1,C,7518,238.30
1788884345.418,1788884345.484,1,C,7518,62.62
1788884345.418,1788884345.499,1,A,7518,75.99
1788884345.418,1788884345.624,1,A,7518,199.82
1788884345.418,1788884345.532,1,C,7518,107.46
1788884345.418,1788884345.508,1,C,7518,82.63
1788884345.418,1788884345.594,1,C,7518,167.55
1788884345.418,1788884345.576,1,A,7518,148.40
1788884345.418,1788884345.527,1,A,7518,97.61
1788884345.418,1788884345.636,1,A,7518,205.48
1788884345.418,1788884345.549,1,A,7518,117.34
1788884345.418,1788884345.654,1,A,7518,218.62
1788884345.418,1788884345.561,1,C,7518,123.17
1788884345.418,1788884345.540,1,C,7518,101.19
1788884345.418,1788884345.657,1,A,7518,216.46
1788884345.418,1788884345.656,1,C,7518,214.62
1788884345.418,1788884345.567,1,C,7518,124.17
1788884345.418,1788884345.659,1,C,7518,215.66
1788884345.418,1788884345.619,1,C,7518,173.61
1788884345.418,1788884345.659,1,C,7518,211.64
1788884346.424,1788884346.491,1,C,6278,66.25
1788884346.424,1788884346.514,1,C,6278,88.94
1788884346.424,1788884346.716,1,A,6278,289.04
1788884346.424,1788884346.594,1,A,6278,166.22
1788884346.424,1788884346.534,1,A,6278,105.12
1788884346.424,1788884346.719,1,A,6278,290.23
1788884346.424,1788884346.687,1,B,6278,256.68
1788884346.424,1788884346.587,1,C,6278,155.62
1788884346.424,1788884346.741,1,B,6278,307.90
1788884346.424,1788884346.700,1,A,6278,266.01
1788884346.424,1788884346.717,1,A,6278,282.59
1788884346.424,1788884346.745,1,B,6278,309.63
1788884346.424,1788884346.610,1,A,6278,173.21
1788884346.424,1788884346.744,1,B,6278,306.13
1788884346.424,1788884346.747,1,A,6278,308.66
1788884346.424,1788884346.722,1,B,6278,282.65
1788884346.424,1788884346.709,1,B,6278,268.62
1788884346.424,1788884346.698,1,C,6278,256.86
1788884346.424,1788884346.748,1,A,6278,305.66
1788884346.424,1788884346.737,1,A,6278,293.61
1788884347.432,1788884347.487,1,A,6886,55.32
1788884347.432,1788884347.503,1,C,6886,70.03
1788884347.432,1788884347.719,1,C,6886,284.94
1788884347.432,1788884347.566,1,A,6886,130.98
1788884347.432,1788884347.519,1,A,6886,82.61
1788884347.432,1788884347.725,1,A,6886,287.44
1788884347.432,1788884347.626,1,A,6886,187.20
1788884347.432,1788884347.534,1,C,6886,93.95
1788884347.432,1788884347.710,1,A,6886,269.03
1788884347.432,1788884347.723,1,A,6886,280.94
1788884347.432,1788884347.728,1,B,6886,285.30
1788884347.432,1788884347.720,1,A,6886,276.40
1788884347.432,1788884347.598,1,A,6886,153.27
1788884347.432,1788884347.728,1,B,6886,282.35
1788884347.432,1788884347.726,1,A,6886,279.15
1788884347.432,1788884347.708,1,A,6886,259.94
1788884347.432,1788884347.639,1,B,6886,189.57
1788884347.432,1788884347.700,1,A,6886,249.94
1788884347.432,1788884347.718,1,A,6886,266.37
1788884347.432,1788884347.726,1,B,6886,273.12
1788884348.438,1788884348.491,1,B,3527,52.16
1788884348.438,1788884348.505,1,A,3527,65.61
1788884348.438,1788884348.711,1,B,3527,269.96
1788884348.438,1788884348.574,1,A,3527,132.51
1788884348.438,1788884348.514,1,B,3527,70.75
1788884348.438,1788884348.722,1,C,3527,277.75
1788884348.438,1788884348.680,1,C,3527,234.88
1788884348.438,1788884348.545,1,A,3527,98.60
1788884348.438,1788884348.715,1,C,3527,267.78
1788884348.438,1788884348.721,1,B,3527,272.88
1788884348.438,1788884348.719,1,B,3527,270.20
1788884348.438,1788884348.719,1,A,3527,268.73
1788884348.438,1788884348.656,1,B,3527,204.47
1788884348.438,1788884348.654,1,C,3527,201.86
1788884348.438,1788884348.714,1,A,3527,260.70
1788884348.438,1788884348.718,1,A,3527,263.59
1788884348.438,1788884348.691,1,A,3527,235.49
1788884348.438,1788884348.709,1,B,3527,252.39
1788884348.438,1788884348.701,1,C,3527,242.97
1788884348.438,1788884348.722,1,A,3527,263.60
1788884349.448,1788884349.499,1,C,1382,50.81
1788884349.448,1788884349.512,1,A,1382,62.49
1788884349.448,1788884349.752,1,A,1382,301.23
1788884349.448,1788884349.652,1,C,1382,199.56
1788884349.448,1788884349.537,1,B,1382,83.75
1788884349.448,1788884349.700,1,C,1382,245.62
1788884349.448,1788884349.743,1,C,1382,287.93
1788884349.448,1788884349.555,1,B,1382,98.99
1788884349.448,1788884349.752,1,B,1382,295.42
1788884349.448,1788884349.750,1,A,1382,291.83
1788884349.448,1788884349.715,1,A,1382,255.57
1788884349.448,1788884349.753,1,A,1382,292.36
1788884349.448,1788884349.672,1,A,1382,209.96
1788884349.448,1788884349.751,1,B,1382,288.74
1788884349.448,1788884349.673,1,B,1382,209.38
1788884349.448,1788884349.738,1,C,1382,273.22
1788884349.448,1788884349.750,1,A,1382,283.47
1788884349.448,1788884349.708,1,B,1382,240.86
1788884349.448,1788884349.736,1,C,1382,268.14
1788884349.448,1788884349.754,1,C,1382,284.44
1788884350.459,1788884350.522,1,B,4429,63.43
1788884350.459,1788884350.532,1,A,4429,72.47
1788884350.459,1788884350.777,1,C,4429,316.79
1788884350.459,1788884350.680,1,B,4429,218.46
1788884350.459,1788884350.554,1,B,4429,91.73
1788884350.459,1788884350.729,1,B,4429,265.32
1788884350.459,1788884350.769,1,A,4429,303.81
1788884350.459,1788884350.578,1,C,4429,112.03
1788884350.459,1788884350.778,1,A,4429,310.72
1788884350.459,1788884350.776,1,A,4429,307.92
1788884350.459,1788884350.743,1,C,4429,273.68
1788884350.459,1788884350.779,1,C,4429,308.42
1788884350.459,1788884350.703,1,A,4429,231.24
1788884350.459,1788884350.772,1,B,4429,299.47
1788884350.459,1788884350.704,1,A,4429,230.01
1788884350.459,1788884350.763,1,B,4429,287.39
1788884350.459,1788884350.776,1,B,4429,299.51
1788884350.459,1788884350.731,1,A,4429,253.20
1788884350.459,1788884350.753,1,C,4429,274.09
1788884350.459,1788884350.780,1,A,4429,299.56
1788884351.469,1788884351.530,1,C,9234,60.56
1788884351.469,1788884351.541,1,A,9234,70.35
1788884351.469,1788884351.783,1,A,9234,312.02
1788884351.469,1788884351.683,1,A,9234,210.62
1788884351.469,1788884351.561,1,B,9234,87.13
1788884351.469,1788884351.775,1,B,9234,300.36
1788884351.470,1788884351.730,1,A,9234,254.44
1788884351.470,1788884351.577,1,B,9234,100.06
1788884351.470,1788884351.777,1,C,9234,299.50
1788884351.470,1788884351.775,1,C,9234,295.69
1788884351.470,1788884351.783,1,A,9234,302.43
1788884351.470,1788884351.781,1,C,9234,299.60
1788884351.470,1788884351.708,1,B,9234,226.00
1788884351.470,1788884351.758,1,A,9234,275.04
1788884351.470,1788884351.781,1,A,9234,297.26
1788884351.470,1788884351.729,1,A,9234,243.46
1788884351.470,1788884351.757,1,B,9234,270.53
1788884351.470,1788884351.758,1,A,9234,269.96
1788884351.470,1788884351.771,1,A,9234,282.12
1788884351.470,1788884351.780,1,C,9234,290.31
1788884352.481,1788884352.529,1,A,6291,47.45
1788884352.481,1788884352.556,1,A,6291,74.02
1788884352.481,1788884352.788,1,C,6291,304.39
1788884352.481,1788884352.701,1,B,6291,216.96
1788884352.481,1788884352.571,1,A,6291,85.71
1788884352.481,1788884352.739,1,B,6291,252.64
1788884352.481,1788884352.787,1,A,6291,299.11
1788884352.481,1788884352.675,1,A,6291,186.51
1788884352.481,1788884352.783,1,B,6291,293.48
1788884352.481,1788884352.775,1,C,6291,285.13
1788884352.481,1788884352.768,1,C,6291,276.43
1788884352.481,1788884352.769,1,B,6291,276.86
1788884352.481,1788884352.720,1,B,6291,226.40
1788884352.481,1788884352.778,1,B,6291,283.78
1788884352.481,1788884352.729,1,C,6291,233.19
1788884352.481,1788884352.788,1,B,6291,291.61
1788884352.481,1788884352.784,1,C,6291,286.35
1788884352.481,1788884352.757,1,B,6291,258.10
1788884352.481,1788884352.790,1,B,6291,290.77
1788884352.481,1788884352.789,1,A,6291,288.70
1788884353.489,1788884353.545,1,C,7703,55.24
1788884353.489,1788884353.554,1,C,7703,63.52
1788884353.489,1788884353.814,1,A,7703,322.29
1788884353.489,1788884353.718,1,C,7703,225.42
1788884353.489,1788884353.578,1,C,7703,83.90
1788884353.489,1788884353.779,1,A,7703,283.88
1788884353.489,1788884353.818,1,A,7703,321.49
1788884353.489,1788884353.602,1,B,7703,104.62
1788884353.489,1788884353.810,1,A,7703,311.41
1788884353.489,1788884353.822,1,A,7703,322.17
1788884353.489,1788884353.788,1,A,7703,286.69
1788884353.489,1788884353.821,1,C,7703,318.37
1788884353.489,1788884353.753,1,B,7703,249.81
1788884353.489,1788884353.819,1,B,7703,314.90
1788884353.489,1788884353.755,1,B,7703,249.54
1788884353.489,1788884353.820,1,A,7703,314.04
1788884353.489,1788884353.818,1,B,7703,311.35
1788884353.489,1788884353.780,1,A,7703,272.27
1788884353.489,1788884353.807,1,A,7703,298.01
1788884353.489,1788884353.810,1,B,7703,300.07
1788884354.496,1788884354.569,1,C,9806,72.99
1788884354.496,1788884354.582,1,C,9806,84.09
1788884354.496,1788884354.823,1,A,9806,324.15
1788884354.496,1788884354.652,1,C,9806,152.74
1788884354.496,1788884354.602,1,A,9806,100.48
1788884354.496,1788884354.831,1,A,9806,328.06
1788884354.496,1788884354.765,1,A,9806,261.47
1788884354.496,1788884354.622,1,B,9806,117.82
1788884354.496,1788884354.827,1,C,9806,321.89
1788884354.496,1788884354.790,1,B,9806,282.61
1788884354.496,1788884354.831,1,C,9806,322.84
1788884354.496,1788884354.829,1,B,9806,318.91
1788884354.496,1788884354.741,1,A,9806,230.27
1788884354.496,1788884354.819,1,A,9806,305.49
1788884354.496,1788884354.823,1,A,9806,308.31
1788884354.496,1788884354.828,1,A,9806,312.09
1788884354.496,1788884354.830,1,B,9806,312.37
1788884354.496,1788884354.774,1,C,9806,255.57
1788884354.496,1788884354.803,1,A,9806,282.63
1788884354.496,1788884354.802,1,B,9806,280.00
1788884355.507,1788884355.579,1,A,8347,72.56
1788884355.507,1788884355.596,1,B,8347,87.63
1788884355.507,1788884355.818,1,C,8347,309.58
1788884355.507,1788884355.766,1,C,8347,256.56
1788884355.507,1788884355.729,1,C,8347,218.09
1788884355.507,1788884355.839,1,A,8347,327.00
1788884355.507,1788884355.795,1,A,8347,281.54
1788884355.507,1788884355.754,1,B,8347,239.70
1788884355.507,1788884355.835,1,A,8347,319.52
1788884355.507,1788884355.835,1,A,8347,318.02
1788884355.507,1788884355.841,1,B,8347,323.03
1788884355.507,1788884355.830,1,A,8347,311.21
1788884355.507,1788884355.785,1,A,8347,264.52
1788884355.507,1788884355.828,1,B,8347,306.25
1788884355.507,1788884355.842,1,B,8347,319.26
1788884355.507,1788884355.826,1,A,8347,301.55
1788884355.507,1788884355.840,1,A,8347,313.29
1788884355.507,1788884355.817,1,A,8347,288.69
1788884355.507,1788884355.842,1,C,8347,311.60
1788884355.507,1788884355.836,1,A,8347,304.10
1788884356.513,1788884356.575,1,A,5308,61.21
1788884356.513,1788884356.600,1,B,5308,84.80
1788884356.513,1788884356.861,1,B,5308,344.91
1788884356.513,1788884356.783,1,C,5308,265.27
1788884356.513,1788884356.706,1,B,5308,187.14
1788884356.513,1788884356.852,1,A,5308,332.16
1788884356.513,1788884356.823,1,A,5308,301.47
1788884356.513,1788884356.766,1,B,5308,243.51
1788884356.513,1788884356.860,1,C,5308,336.75
1788884356.513,1788884356.855,1,C,5308,330.70
1788884356.513,1788884356.864,1,B,5308,337.84
1788884356.513,1788884356.845,1,B,5308,317.97
1788884356.513,1788884356.804,1,B,5308,275.59
1788884356.513,1788884356.795,1,B,5308,264.34
1788884356.513,1788884356.862,1,C,5308,329.28
1788884356.513,1788884356.860,1,C,5308,325.02
1788884356.513,1788884356.834,1,B,5308,297.67
1788884356.513,1788884356.863,1,B,5308,324.53
1788884356.513,1788884356.856,1,A,5308,315.92
1788884356.513,1788884356.847,1,A,5308,305.61
1788884357.520,1788884357.585,1,C,1752,64.29
1788884357.520,1788884357.666,1,C,1752,144.10
1788884357.520,1788884357.844,1,B,1752,320.87
1788884357.520,1788884357.765,1,A,1752,240.84
1788884357.520,1788884357.702,1,B,1752,176.45
1788884357.520,1788884357.807,1,A,1752,281.26
1788884357.520,1788884357.851,1,A,1752,324.04
1788884357.520,1788884357.743,1,A,1752,214.43
1788884357.520,1788884357.842,1,A,1752,312.59
1788884357.520,1788884357.851,1,C,1752,320.09
1788884357.520,1788884357.829,1,C,1752,297.66
1788884357.520,1788884357.848,1,A,1752,315.18
1788884357.520,1788884357.791,1,B,1752,257.70
1788884357.520,1788884357.849,1,A,1752,313.10
1788884357.520,1788884357.793,1,B,1752,256.27
1788884357.520,1788884357.852,1,A,1752,314.17
1788884357.520,1788884357.854,1,A,1752,314.88
1788884357.520,1788884357.819,1,C,1752,279.55
1788884357.520,1788884357.838,1,C,1752,297.62
1788884357.520,1788884357.853,1,A,1752,310.25
1788884358.528,1788884358.575,1,A,4701,46.53
1788884358.528,1788884358.607,1,A,4701,77.43
1788884358.528,1788884358.804,1,A,4701,273.19
1788884358.528,1788884358.749,1,A,4701,217.36
1788884358.528,1788884358.695,1,B,4701,162.26
1788884358.528,1788884358.821,1,C,4701,287.58
1788884358.528,1788884358.775,1,A,4701,240.74
1788884358.528,1788884358.725,1,C,4701,188.79
1788884358.528,1788884358.815,1,C,4701,278.48
1788884358.528,1788884358.816,1,A,4701,278.07
1788884358.528,1788884358.820,1,C,4701,281.11
1788884358.528,1788884358.794,1,C,4701,254.12
1788884358.528,1788884358.762,1,A,4701,221.48
1788884358.528,1788884358.761,1,A,4701,218.91
1788884358.528,1788884358.824,1,B,4701,280.38
1788884358.528,1788884358.812,1,C,4701,267.80
1788884358.528,1788884358.783,1,A,4701,237.60
1788884358.528,1788884358.823,1,C,4701,276.64
1788884358.528,1788884358.824,1,A,4701,276.87
1788884358.528,1788884358.820,1,A,4701,271.87
1788884359.536,1788884359.588,1,A,7352,52.13
1788884359.536,1788884359.613,1,A,7352,75.52
1788884359.536,1788884359.842,1,C,7352,303.24
1788884359.536,1788884359.755,1,B,7352,215.97
1788884359.536,1788884359.686,1,A,7352,145.72
1788884359.536,1788884359.852,1,A,7352,309.99
1788884359.536,1788884359.801,1,A,7352,258.24
1788884359.536,1788884359.732,1,C,7352,187.56
1788884359.536,1788884359.851,1,C,7352,305.43
1788884359.536,1788884359.836,1,A,7352,289.46
1788884359.536,1788884359.850,1,A,7352,302.34
1788884359.536,1788884359.834,1,C,7352,285.66
1788884359.536,1788884359.785,1,B,7352,235.54
1788884359.536,1788884359.783,1,B,7352,232.77
1788884359.536,1788884359.850,1,C,7352,298.36
1788884359.536,1788884359.845,1,C,7352,292.77
1788884359.536,1788884359.812,1,A,7352,258.50
1788884359.536,1788884359.849,1,B,7352,294.58
1788884359.536,1788884359.840,1,B,7352,284.22
1788884359.536,1788884359.853,1,B,7352,295.84
1788884360.546,1788884360.600,1,B,6206,53.58
1788884360.546,1788884360.627,1,A,6206,79.23
1788884360.546,1788884360.850,1,A,6206,301.04
1788884360.546,1788884360.771,1,C,6206,220.60
1788884360.546,1788884360.709,1,B,6206,157.66
1788884360.546,1788884360.855,1,B,6206,302.51
1788884360.546,1788884360.815,1,B,6206,262.16
1788884360.546,1788884360.750,1,A,6206,194.93
1788884360.546,1788884360.858,1,C,6206,301.48
1788884360.546,1788884360.846,1,A,6206,288.16
1788884360.546,1788884360.856,1,A,6206,296.94
1788884360.546,1788884360.836,1,A,6206,276.52
1788884360.546,1788884360.800,1,B,6206,239.17
1788884360.546,1788884360.798,1,B,6206,236.19
1788884360.546,1788884360.856,1,A,6206,292.73
1788884360.546,1788884360.852,1,A,6206,287.37
1788884360.546,1788884360.826,1,B,6206,260.42
1788884360.546,1788884360.852,1,B,6206,285.63
1788884360.546,1788884360.847,1,A,6206,279.79
1788884360.546,1788884360.859,1,C,6206,290.23
1788884361.555,1788884361.621,1,A,2917,66.18
1788884361.555,1788884361.676,1,A,2917,119.36
1788884361.555,1788884361.869,1,A,2917,310.86
1788884361.555,1788884361.788,1,B,2917,229.05
1788884361.555,1788884361.730,1,C,2917,170.16
1788884361.555,1788884361.876,1,B,2917,315.20
1788884361.555,1788884361.827,1,C,2917,264.78
1788884361.555,1788884361.767,1,A,2917,203.68
1788884361.555,1788884361.859,1,A,2917,294.11
1788884361.555,1788884361.876,1,C,2917,309.80
1788884361.555,1788884361.873,1,A,2917,306.40
1788884361.555,1788884361.857,1,A,2917,289.54
1788884361.555,1788884361.818,1,C,2917,248.96
1788884361.555,1788884361.846,1,B,2917,275.96
1788884361.555,1788884361.871,1,A,2917,299.39
1788884361.555,1788884361.871,1,A,2917,298.86
1788884361.555,1788884361.828,1,C,2917,255.05
1788884361.555,1788884361.867,1,B,2917,292.27
1788884361.555,1788884361.864,1,B,2917,288.81
1788884361.555,1788884361.874,1,C,2917,296.72
1788884362.561,1788884362.655,1,A,4670,93.81
1788884362.561,1788884362.693,1,C,4670,131.19
1788884362.561,1788884362.855,1,B,4670,292.48
1788884362.561,1788884362.789,1,B,4670,225.51
1788884362.561,1788884362.725,1,A,4670,160.23
1788884362.561,1788884362.864,1,A,4670,298.70
1788884362.561,1788884362.826,1,A,4670,259.73
1788884362.561,1788884362.768,1,B,4670,200.00
1788884362.561,1788884362.881,1,A,4670,312.22
1788884362.561,1788884362.880,1,C,4670,309.95
1788884362.561,1788884362.857,1,B,4670,286.06
1788884362.561,1788884362.874,1,C,4670,302.20
1788884362.561,1788884362.808,1,C,4670,235.46
1788884362.561,1788884362.873,1,A,4670,299.69
1788884362.561,1788884362.880,1,B,4670,305.65
1788884362.561,1788884362.873,1,A,4670,297.06
1788884362.561,1788884362.875,1,B,4670,297.54
1788884362.561,1788884362.835,1,C,4670,256.46
1788884362.561,1788884362.879,1,B,4670,299.68
1788884362.561,1788884362.879,1,A,4670,299.30
