timestamp_envio,timestamp_respuesta,exito,replica
1788278049.075218,1788278050.125664,0,
1788278050.125710,1788278051.127935,0,
1788278051.127973,1788278052.132996,0,
1788278052.133039,1788278053.145386,0,
1788278053.145433,1788278054.159700,0,
1788278054.159745,1788278055.165351,0,
1788278055.165395,1788278056.177695,0,
1788278056.177755,1788278057.193978,0,
1788278057.194026,1788278058.209466,0,
1788278058.209524,1788278059.212626,0,
1788278059.212665,1788278059.230312,1,A
1788278059.230338,1788278059.240038,1,A
1788278059.240064,1788278059.257795,1,A
1788278059.257821,1788278059.271107,1,A
1788278059.271136,1788278059.280798,1,C
1788278059.280825,1788278059.287214,1,A
1788278059.287239,1788278059.292955,1,C
1788278059.292982,1788278059.312643,1,C
1788278059.312676,1788278059.322909,1,A
1788278059.322934,1788278059.359589,1,C
1788278059.359618,1788278059.363847,1,A
1788278059.363860,1788278059.383197,1,C
1788278059.383226,1788278059.400838,1,A
1788278059.400869,1788278059.403949,1,A
1788278059.403963,1788278059.415750,1,C
1788278059.415782,1788278059.433814,1,C
1788278059.433843,1788278059.464215,1,C
1788278059.464253,1788278059.496833,1,A
1788278059.496855,1788278059.529290,1,A
1788278059.529318,1788278059.533500,1,A
1788278059.533525,1788278059.536875,1,A
1788278059.536895,1788278059.577304,1,A
1788278059.577327,1788278059.609961,1,C
1788278059.609983,1788278059.650967,1,C
1788278059.650996,1788278059.667560,1,A
1788278059.667580,1788278059.670803,1,C
1788278059.670822,1788278059.673779,1,A
1788278059.673793,1788278059.682163,1,A
1788278059.682180,1788278059.700359,1,A
1788278059.700378,1788278059.703744,1,A
1788278059.703758,1788278059.729638,1,C
1788278059.729665,1788278059.734088,1,A
1788278059.734108,1788278059.762577,1,A
1788278059.762605,1788278059.768709,1,A
1788278059.768736,1788278059.792892,1,C
1788278059.792924,1788278059.824881,1,C
1788278059.824909,1788278059.842922,1,C
1788278059.842950,1788278059.861462,1,C
1788278059.861481,1788278059.875389,1,A
1788278059.875415,1788278059.916305,1,C
1788278059.916336,1788278059.930858,1,A
1788278059.930885,1788278059.934516,1,A
1788278059.934535,1788278059.946313,1,A
1788278059.946329,1788278059.964998,1,C
1788278059.965028,1788278059.994923,1,A
1788278059.994951,1788278059.998432,1,A
1788278059.998452,1788278060.034356,1,C
1788278060.034384,1788278060.037795,1,A
1788278060.037812,1788278060.040545,1,A
1788278060.040557,1788278060.043123,1,A
1788278060.043135,1788278060.082763,1,A
1788278060.082793,1788278060.100933,1,A
1788278060.100954,1788278060.103783,1,A
1788278060.103796,1788278060.116793,1,C
1788278060.116816,1788278060.119874,1,A
1788278060.119888,1788278060.130243,1,C
1788278060.130259,1788278060.148407,1,A
1788278060.148436,1788278060.151743,1,A
1788278060.151759,1788278060.178954,1,A
1788278060.178977,1788278060.194328,1,C
1788278060.194357,1788278060.211190,1,C
1788278060.211216,1788278060.226382,1,C
1788278060.226412,1788278060.234550,1,A
1788278060.234571,1788278060.239140,1,A
1788278060.239158,1788278060.242578,1,A
1788278060.242591,1788278060.245924,1,A
1788278060.245938,1788278060.283288,1,B
1788278060.283317,1788278060.287675,1,A
1788278060.287694,1788278060.291192,1,A
1788278060.291205,1788278060.315079,1,A
1788278060.315109,1788278060.357871,1,A
1788278060.357902,1788278060.362515,1,A
1788278060.362529,1788278060.366521,1,A
1788278060.366538,1788278060.398112,1,A
1788278060.398133,1788278060.416347,1,A
1788278060.416365,1788278060.446458,1,B
1788278060.446481,1788278060.478216,1,B
1788278060.478239,1788278060.482795,1,A
1788278060.482814,1788278060.496259,1,A
1788278060.496275,1788278060.500227,1,A
1788278060.500244,1788278060.527647,1,B
1788278060.527668,1788278060.542999,1,B
1788278060.543030,1788278060.570462,1,C
1788278060.570484,1788278060.592088,1,C
1788278060.592114,1788278060.595782,1,A
1788278060.595798,1788278060.624209,1,A
1788278060.624230,1788278060.667503,1,A
1788278060.667530,1788278060.679227,1,A
1788278060.679248,1788278060.704034,1,A
1788278060.704058,1788278060.748383,1,A
1788278060.748413,1788278060.753357,1,A
1788278060.753377,1788278060.781145,1,B
1788278060.781173,1788278060.799027,1,A
1788278060.799057,1788278060.816252,1,A
1788278060.816274,1788278060.830271,1,A
1788278060.830295,1788278060.849781,1,A
1788278060.849811,1788278060.864499,1,A
1788278060.864520,1788278060.868283,1,A
1788278060.868300,1788278060.871804,1,B
1788278060.871817,1788278060.875277,1,A
1788278060.875290,1788278060.878691,1,A
1788278060.878704,1788278060.882505,1,B
1788278060.882519,1788278060.885900,1,A
1788278060.885914,1788278060.896631,1,A
1788278060.896646,1788278060.913755,1,A
1788278060.913781,1788278060.928376,1,A
1788278060.928396,1788278060.932379,1,A
1788278060.932432,1788278060.952485,1,B
1788278060.952504,1788278060.968117,1,A
1788278060.968137,1788278060.981481,1,A
1788278060.981503,1788278060.985557,1,A
1788278060.985574,1788278060.989051,1,A
1788278060.989064,1788278061.014209,1,B
1788278061.014236,1788278061.019095,1,A
1788278061.019121,1788278061.037685,1,A
1788278061.037711,1788278061.042299,1,A
1788278061.042324,1788278061.046245,1,A
1788278061.046265,1788278061.065616,1,A
1788278061.065652,1788278061.100991,1,A
1788278061.101035,1788278061.113419,1,B
1788278061.113441,1788278061.148978,1,A
1788278061.149009,1788278061.180012,1,B
1788278061.180034,1788278061.185362,1,A
1788278061.185390,1788278061.207040,1,B
1788278061.207061,1788278061.221309,1,A
1788278061.221333,1788278061.246560,1,A
1788278061.246588,1788278061.278890,1,A
1788278061.278919,1788278061.297368,1,A
1788278061.297390,1788278061.350490,1,C
1788278061.350513,1788278061.354318,1,A
1788278061.354336,1788278061.366392,1,A
1788278061.366421,1788278061.381509,1,A
1788278061.381528,1788278061.400151,1,A
1788278061.400171,1788278061.419083,1,A
1788278061.419103,1788278061.449376,1,A
1788278061.449412,1788278061.453882,1,A
1788278061.453902,1788278061.468127,1,A
1788278061.468146,1788278061.483119,1,A
1788278061.483139,1788278061.498718,1,A
1788278061.498736,1788278061.515374,1,A
1788278061.515395,1788278061.519018,1,B
1788278061.519035,1788278061.522524,1,A
1788278061.522537,1788278061.525630,1,A
1788278061.525642,1788278061.544364,1,A
1788278061.544385,1788278061.586692,1,A
1788278061.586720,1788278061.602928,1,A
1788278061.602949,1788278061.633893,1,A
1788278061.633914,1788278061.667122,1,A
1788278061.667145,1788278061.680777,1,A
1788278061.680804,1788278061.711171,1,B
1788278061.711193,1788278061.737462,1,A
1788278061.737484,1788278061.762041,1,C
1788278061.762062,1788278061.795193,1,B
1788278061.795223,1788278061.818756,1,B
1788278061.818785,1788278061.860107,1,B
1788278061.860129,1788278061.863801,1,A
1788278061.863814,1788278061.867845,1,A
1788278061.867869,1788278061.871317,1,A
1788278061.871330,1788278061.895824,1,A
1788278061.895845,1788278061.912459,1,B
1788278061.912479,1788278061.928945,1,A
1788278061.928966,1788278061.942641,1,A
1788278061.942670,1788278061.946523,1,A
1788278061.946541,1788278061.950900,1,A
1788278061.950919,1788278061.970256,1,C
1788278061.970277,1788278061.973843,1,A
1788278061.973856,1788278061.977324,1,A
1788278061.977337,1788278061.991703,1,B
1788278061.991721,1788278061.995919,1,A
1788278061.995932,1788278062.017117,1,A
1788278062.017140,1788278062.021102,1,A
1788278062.021119,1788278062.033876,1,B
1788278062.033897,1788278062.063769,1,A
1788278062.063790,1788278062.081498,1,A
1788278062.081522,1788278062.098511,1,A
1788278062.098533,1788278062.113793,1,A
1788278062.113813,1788278062.130117,1,A
1788278062.130143,1788278062.147386,1,B
1788278062.147410,1788278062.182477,1,B
1788278062.182505,1788278062.186282,1,A
1788278062.186298,1788278062.189550,1,A
1788278062.189562,1788278062.198375,1,A
1788278062.198390,1788278062.231342,1,A
1788278062.231370,1788278062.235969,1,A
1788278062.235988,1788278062.249619,1,A
1788278062.249642,1788278062.253147,1,A
1788278062.253163,1788278062.266266,1,A
1788278062.266294,1788278062.295185,1,A
1788278062.295213,1788278062.309997,1,A
1788278062.310045,1788278062.334616,1,A
1788278062.334636,1788278062.338161,1,A
1788278062.338174,1788278062.341537,1,B
1788278062.341554,1788278062.363350,1,C
1788278062.363376,1788278062.381395,1,A
1788278062.381414,1788278062.398461,1,A
1788278062.398483,1788278062.402376,1,A
1788278062.402393,1788278062.427746,1,A
1788278062.427774,1788278062.444233,1,A
1788278062.444267,1788278062.467264,1,A
1788278062.467292,1788278062.501657,1,A
1788278062.501677,1788278062.518468,1,A
1788278062.518497,1788278062.548997,1,A
1788278062.549023,1788278062.553115,1,A
1788278062.553130,1788278062.556508,1,A
1788278062.556520,1788278062.559787,1,A
1788278062.559801,1788278062.566188,1,A
1788278062.566206,1788278062.583206,1,A
1788278062.583223,1788278062.586575,1,A
1788278062.586589,1788278062.598521,1,A
1788278062.598538,1788278062.602253,1,A
1788278062.602267,1788278062.605729,1,A
1788278062.605741,1788278062.614029,1,B
1788278062.614045,1788278062.617840,1,A
1788278062.617857,1788278062.644018,1,A
1788278062.644044,1788278062.660040,1,A
1788278062.660067,1788278062.677748,1,A
1788278062.677768,1788278062.702292,1,A
1788278062.702314,1788278062.705620,1,A
1788278062.705633,1788278062.718289,1,A
1788278062.718306,1788278062.721725,1,B
1788278062.721738,1788278062.724976,1,A
1788278062.724988,1788278062.728201,1,A
1788278062.728214,1788278062.733494,1,B
1788278062.733511,1788278062.736890,1,A
1788278062.736902,1788278062.740114,1,A
1788278062.740126,1788278062.743381,1,A
1788278062.743393,1788278062.746890,1,A
1788278062.746902,1788278062.766148,1,A
1788278062.766168,1788278062.780314,1,A
1788278062.780342,1788278062.796409,1,A
1788278062.796435,1788278062.825667,1,A
1788278062.825687,1788278062.842239,1,A
1788278062.842266,1788278062.846292,1,A
1788278062.846309,1788278062.868357,1,A
1788278062.868385,1788278062.871767,1,A
1788278062.871780,1788278062.875071,1,A
1788278062.875082,1788278062.878424,1,A
1788278062.878436,1788278062.897139,1,A
1788278062.897163,1788278062.912772,1,A
1788278062.912790,1788278062.928723,1,A
1788278062.928751,1788278062.960988,1,A
1788278062.961017,1788278062.976663,1,A
1788278062.976686,1788278062.980501,1,A
1788278062.980515,1788278062.984402,1,A
1788278062.984420,1788278063.002571,1,B
1788278063.002599,1788278063.006386,1,A
1788278063.006408,1788278063.018409,1,A
1788278063.018427,1788278063.034588,1,A
1788278063.034606,1788278063.038021,1,A
1788278063.038033,1788278063.041266,1,A
1788278063.041278,1788278063.044451,1,A
1788278063.044464,1788278063.048226,1,A
1788278063.048243,1788278063.051785,1,B
1788278063.051800,1788278063.055174,1,A
1788278063.055188,1788278063.080012,1,A
1788278063.080032,1788278063.098511,1,B
1788278063.098540,1788278063.115440,1,A
1788278063.115467,1788278063.130173,1,A
1788278063.130190,1788278063.146136,1,A
1788278063.146160,1788278063.162690,1,A
1788278063.162710,1788278063.178574,1,A
1788278063.178599,1788278063.182359,1,A
1788278063.182376,1788278063.185909,1,A
1788278063.185923,1788278063.189433,1,A
1788278063.189445,1788278063.216293,1,A
1788278063.216316,1788278063.234764,1,A
1788278063.234787,1788278063.247982,1,A
1788278063.248009,1788278063.252167,1,A
1788278063.252185,1788278063.265970,1,A
1788278063.265989,1788278063.279799,1,A
1788278063.279816,1788278063.300041,1,A
1788278063.300062,1788278063.327100,1,A
1788278063.327130,1788278063.365838,1,A
1788278063.365860,1788278063.369783,1,A
1788278063.369798,1788278063.397460,1,C
1788278063.397489,1788278063.401334,1,A
1788278063.401352,1788278063.416160,1,B
1788278063.425823,1788278063.448309,1,A
1788278063.475752,1788278063.509827,1,B
1788278063.525437,1788278063.541638,1,A
1788278063.576185,1788278063.601474,1,A
1788278063.625465,1788278063.665104,1,A
1788278063.675671,1788278063.712998,1,A
1788278063.725700,1788278063.748039,1,A
1788278063.775953,1788278063.793549,1,A
1788278063.825546,1788278063.853825,1,B
1788278063.875805,1788278063.915135,1,A
1788278063.925744,1788278063.984256,1,B
1788278063.984282,1788278064.002447,1,A
1788278064.025461,1788278064.051103,1,A
1788278064.075522,1788278064.096138,1,A
1788278064.125717,1788278064.132034,1,A
1788278064.175727,1788278064.493065,1,A
1788278064.493088,1788278064.800298,1,A
1788278064.800322,1788278065.107573,1,A
1788278065.107597,1788278065.415814,1,A
1788278065.415842,1788278065.727775,1,A
1788278065.727803,1788278066.063344,1,A
1788278066.063376,1788278066.096133,1,C
1788278066.096162,1788278066.100209,1,A
1788278066.100226,1788278066.131325,1,A
1788278066.131354,1788278066.162039,1,C
1788278066.162061,1788278066.176822,1,C
1788278066.176843,1788278066.202834,1,A
1788278066.202858,1788278066.218432,1,C
1788278066.218453,1788278066.249760,1,A
1788278066.249791,1788278066.282663,1,C
1788278066.282693,1788278066.300008,1,C
1788278066.300034,1788278066.333648,1,C
1788278066.333679,1788278066.360731,1,A
1788278066.360753,1788278066.408592,1,A
1788278066.408624,1788278066.440373,1,C
1788278066.440403,1788278066.457476,1,C
1788278066.457498,1788278066.490875,1,C
1788278066.490897,1788278066.494524,1,A
1788278066.494541,1788278066.514721,1,C
1788278066.514750,1788278066.530582,1,C
1788278066.530605,1788278066.534035,1,A
1788278066.534055,1788278066.536834,1,C
1788278066.536847,1788278066.539491,1,C
1788278066.539504,1788278066.546514,1,A
1788278066.546527,1788278066.564172,1,C
1788278066.564200,1788278066.595016,1,A
1788278066.595036,1788278066.612266,1,A
1788278066.612285,1788278066.615742,1,A
1788278066.615762,1788278066.644468,1,A
1788278066.644488,1788278066.684661,1,C
1788278066.684690,1788278066.702569,1,C
1788278066.702591,1788278066.732030,1,C
1788278066.732058,1788278066.736223,1,A
1788278066.736243,1788278066.749122,1,A
1788278066.749149,1788278066.752878,1,A
1788278066.752897,1788278066.780760,1,A
1788278066.780787,1788278066.784622,1,A
1788278066.784641,1788278066.816905,1,C
1788278066.816926,1788278066.819902,1,A
1788278066.819916,1788278066.849514,1,A
1788278066.849540,1788278066.852454,1,A
1788278066.852471,1788278066.855050,1,A
1788278066.855062,1788278066.867072,1,A
1788278066.867094,1788278066.881220,1,A
1788278066.881241,1788278066.913045,1,A
1788278066.913071,1788278066.929475,1,A
1788278066.929502,1788278066.945276,1,A
1788278066.945297,1788278066.962249,1,A
1788278066.962267,1788278066.992873,1,A
1788278066.992902,1788278066.996018,1,A
1788278066.996032,1788278066.999608,1,A
1788278066.999627,1788278067.019108,1,A
1788278067.025951,1788278067.031506,1,A
1788278067.075451,1788278067.114050,1,C
1788278067.126436,1788278067.131884,1,A
1788278067.176045,1788278067.196866,1,A
1788278067.225480,1788278067.244540,1,A
1788278067.275431,1788278067.279912,1,C
1788278067.325567,1788278067.364267,1,A
1788278067.375550,1788278067.412221,1,A
1788278067.426475,1788278067.430885,1,A
1788278067.475808,1788278067.508672,1,C
1788278067.525955,1788278067.531281,1,A
1788278067.576302,1788278067.613797,1,C
1788278067.626335,1788278067.647932,1,C
1788278067.675543,1788278067.680047,1,A
1788278067.726382,1788278067.767812,1,C
1788278067.775950,1788278067.817703,1,A
1788278067.826085,1788278067.830526,1,A
1788278067.876359,1788278067.901970,1,C
1788278067.925560,1788278067.950354,1,A
1788278067.975383,1788278067.980082,1,A
1788278068.026052,1788278068.043874,1,A
1788278068.075364,1788278068.117557,1,C
1788278068.125384,1788278068.164070,1,C
1788278068.176080,1788278068.198912,1,C
1788278068.226073,1788278068.246611,1,A
1788278068.275784,1788278068.310438,1,C
1788278068.325646,1788278068.329753,1,A
1788278068.375942,1788278068.401109,1,A
1788278068.425651,1788278068.466885,1,C
1788278068.476425,1788278068.499111,1,A
1788278068.526491,1788278068.531166,1,A
1788278068.575635,1788278068.580002,1,A
1788278068.625554,1788278068.631109,1,A
1788278068.676222,1788278068.714998,1,A
1788278068.725580,1788278068.730067,1,C
1788278068.776491,1788278068.794413,1,A
1788278068.825852,1788278068.845057,1,A
1788278068.876173,1788278068.916551,1,A
1788278068.925681,1788278068.964812,1,C
1788278068.976220,1788278069.016910,1,C
1788278069.025828,1788278069.044846,1,C
1788278069.075337,1788278069.094377,1,A
1788278069.125560,1788278069.130345,1,A
1788278069.175700,1788278069.193319,1,C
1788278069.225821,1788278069.246213,1,A
1788278069.275594,1788278069.317236,1,A
1788278069.325554,1788278069.329654,1,A
1788278069.375774,1788278069.416576,1,A
1788278069.425733,1788278069.442183,1,C
1788278069.476116,1788278069.503873,1,A
1788278069.525710,1788278069.611796,1,C
1788278069.611818,1788278069.615459,1,A
1788278069.625626,1788278069.633663,1,A
1788278069.675480,1788278069.692670,1,A
1788278069.726007,1788278069.751003,1,A
1788278069.776115,1788278069.810297,1,C
1788278069.825748,1788278069.867059,1,A
1788278069.876003,1788278069.916831,1,A
1788278069.926184,1788278069.931076,1,A
1788278069.976189,1788278069.997829,1,A
1788278070.026048,1788278070.045464,1,C
1788278070.075526,1788278070.095029,1,A
1788278070.125606,1788278070.165097,1,A
1788278070.175836,1788278070.214550,1,A
1788278070.225669,1788278070.247536,1,A
1788278070.275959,1788278070.281739,1,C
1788278070.325837,1788278070.366564,1,C
1788278070.376240,1788278070.415475,1,C
1788278070.425869,1788278070.466480,1,A
1788278070.476018,1788278070.500730,1,C
1788278070.526015,1788278070.564533,1,A
1788278070.576108,1788278070.597548,1,A
1788278070.626237,1788278070.660977,1,C
1788278070.675699,1788278070.680223,1,A
1788278070.725299,1788278070.766234,1,A
1788278070.775574,1788278070.797243,1,A
1788278070.825741,1788278070.850204,1,A
1788278070.875577,1788278070.898744,1,C
1788278070.925751,1788278070.940938,1,A
1788278070.975498,1788278071.005009,1,A
1788278071.025915,1788278071.062443,1,A
1788278071.076005,1788278071.106835,1,C
1788278071.125857,1788278071.142150,1,A
1788278071.175586,1788278071.179941,1,C
1788278071.225323,1788278071.229999,1,A
1788278071.275917,1788278071.299929,1,C
1788278071.325601,1788278071.363412,1,A
1788278071.375623,1788278071.403939,1,C
1788278071.425500,1788278071.429635,1,A
1788278071.475687,1788278071.491900,1,A
1788278071.525821,1788278071.573452,1,C
1788278071.576058,1788278071.598188,1,A
1788278071.625707,1788278071.640934,1,A
1788278071.675807,1788278071.714544,1,C
1788278071.725644,1788278071.755021,1,A
1788278071.775432,1788278071.793422,1,A
1788278071.825877,1788278071.859687,1,A
1788278071.875420,1788278071.914895,1,C
1788278071.925574,1788278071.949491,1,A
1788278071.975405,1788278072.011607,1,C
1788278072.026069,1788278072.052068,1,C
1788278072.075533,1788278072.100946,1,C
1788278072.126119,1788278072.158468,1,A
1788278072.175475,1788278072.215121,1,C
1788278072.225758,1788278072.248306,1,A
1788278072.276158,1788278072.296354,1,C
1788278072.325808,1788278072.345243,1,C
1788278072.376300,1788278072.402206,1,C
1788278072.425802,1788278072.430867,1,C
1788278072.475858,1788278072.513562,1,A
1788278072.525981,1788278072.562562,1,C
1788278072.576220,1788278072.594842,1,A
1788278072.625401,1788278072.643560,1,A
1788278072.675365,1788278072.691771,1,A
1788278072.725739,1788278072.730863,1,A
1788278072.775788,1788278072.812746,1,A
1788278072.825425,1788278072.841408,1,A
1788278072.875341,1788278072.891314,1,A
1788278072.925370,1788278072.947890,1,A
1788278072.975829,1788278072.980078,1,A
1788278073.026086,1788278073.066235,1,C
1788278073.076177,1788278073.081159,1,A
1788278073.126391,1788278073.162284,1,A
1788278073.175989,1788278073.180166,1,A
1788278073.225590,1788278073.229880,1,A
1788278073.276212,1788278073.303677,1,A
1788278073.325671,1788278073.350960,1,A
1788278073.375760,1788278073.380113,1,A
1788278073.425860,1788278073.433428,1,A
1788278073.475838,1788278073.499504,1,A
1788278073.525667,1788278073.544095,1,A
1788278073.575377,1788278073.592725,1,C
1788278073.625331,1788278073.629423,1,A
1788278073.675793,1788278073.680700,1,C
1788278073.725487,1788278073.740991,1,A
1788278073.775456,1788278073.794916,1,A
1788278073.829294,1788278073.875034,1,A
1788278073.875604,1788278073.898245,1,C
1788278073.925734,1788278073.959830,1,A
1788278073.975803,1788278073.992563,1,C
1788278074.062031,1788278074.111370,1,A
1788278074.111395,1788278074.134088,1,A
1788278074.134128,1788278074.151195,1,C
1788278074.175354,1788278074.195204,1,A
1788278074.225645,1788278074.263770,1,C
1788278074.275667,1788278074.300337,1,C
1788278074.325720,1788278074.342249,1,A
1788278074.375775,1788278074.407506,1,A
1788278074.425810,1788278074.448264,1,A
1788278074.475709,1788278074.499987,1,C
1788278074.525805,1788278074.548060,1,C
1788278074.575690,1788278074.594333,1,C
1788278074.625376,1788278074.659335,1,C
1788278074.675478,1788278074.718260,1,A
1788278074.725561,1788278074.752324,1,A
1788278074.775594,1788278074.793635,1,A
1788278074.825809,1788278074.856774,1,C
1788278074.875717,1788278074.890273,1,A
1788278074.925503,1788278074.967029,1,A
1788278074.975758,1788278075.000813,1,A
1788278075.025763,1788278075.048060,1,C
1788278075.075556,1788278075.111756,1,C
1788278075.126003,1788278075.159730,1,A
1788278075.175787,1788278075.202048,1,C
1788278075.225551,1788278075.276508,1,C
1788278075.276537,1788278075.308448,1,C
1788278075.325538,1788278075.360329,1,C
1788278075.375347,1788278075.410515,1,C
1788278075.425540,1788278075.429680,1,C
1788278075.476020,1788278075.500919,1,A
1788278075.526210,1788278075.564379,1,C
1788278075.575857,1788278075.595819,1,C
1788278075.626250,1788278075.661099,1,C
1788278075.675463,1788278075.679642,1,A
1788278075.726217,1788278075.766604,1,A
1788278075.775548,1788278075.779940,1,A
1788278075.825609,1788278075.847111,1,A
1788278075.875889,1788278075.911798,1,A
1788278075.926511,1788278075.931097,1,A
1788278075.975532,1788278076.011179,1,A
1788278076.025538,1788278076.101093,1,A
1788278076.101116,1788278076.120246,1,C
1788278076.125342,1788278076.150886,1,A
1788278076.175828,1788278076.197289,1,A
1788278076.225607,1788278076.259470,1,C
1788278076.275738,1788278076.280235,1,A
1788278076.326087,1788278076.350651,1,C
1788278076.376297,1788278076.416294,1,A
1788278076.425987,1788278076.450871,1,A
1788278076.475760,1788278076.497234,1,A
1788278076.526188,1788278076.546945,1,C
1788278076.575905,1788278076.594927,1,A
1788278076.626265,1788278076.651574,1,A
1788278076.675976,1788278076.715349,1,C
1788278076.726316,1788278076.747269,1,C
1788278076.776395,1788278076.810954,1,C
1788278076.825463,1788278076.860629,1,A
1788278076.875663,1788278076.879862,1,A
1788278076.925402,1788278076.945041,1,A
1788278076.975473,1788278077.016643,1,C
1788278077.026174,1788278077.051067,1,A
1788278077.075965,1788278077.114778,1,C
1788278077.126333,1788278077.131854,1,A
1788278077.176240,1788278077.194760,1,C
1788278077.225451,1788278077.259195,1,C
1788278077.275848,1788278077.314581,1,A
1788278077.325906,1788278077.349865,1,A
1788278077.375680,1788278077.396276,1,C
1788278077.425896,1788278077.430434,1,A
1788278077.475547,1788278077.499975,1,A
1788278077.526068,1788278077.564884,1,C
1788278077.576006,1788278077.597720,1,A
1788278077.625883,1788278077.630211,1,C
1788278077.675462,1788278077.693431,1,A
1788278077.726039,1788278077.752730,1,A
1788278077.775788,1788278077.781087,1,A
1788278077.825872,1788278077.847955,1,A
1788278077.875828,1788278077.894093,1,A
1788278077.925633,1788278077.943113,1,A
1788278077.975765,1788278077.980123,1,A
1788278078.025513,1788278078.064969,1,C
1788278078.075968,1788278078.115178,1,A
1788278078.125580,1788278078.147743,1,A
1788278078.175950,1788278078.194911,1,C
1788278078.225667,1788278078.229716,1,A
1788278078.275822,1788278078.316350,1,C
1788278078.326219,1788278078.363806,1,C
1788278078.375764,1788278078.412377,1,C
1788278078.426306,1788278078.460668,1,C
1788278078.475584,1788278078.510783,1,C
1788278078.525437,1788278078.559568,1,C
1788278078.575589,1788278078.601335,1,A
1788278078.626097,1788278078.666022,1,A
1788278078.676263,1788278078.700831,1,A
1788278078.725808,1788278078.730770,1,A
1788278078.775681,1788278078.795005,1,A
1788278078.826081,1788278078.845551,1,C
1788278078.875499,1788278078.879268,1,A
1788278078.926264,1788278078.965496,1,A
1788278078.976387,1788278079.000447,1,A
1788278079.026161,1788278079.051601,1,C
1788278079.075438,1788278079.113544,1,A
1788278079.126387,1788278079.147954,1,C
1788278079.176192,1788278079.210319,1,A
1788278079.225444,1788278079.229343,1,A
1788278079.275978,1788278079.303386,1,A
1788278079.325427,1788278079.348478,1,A
1788278079.375621,1788278079.412229,1,C
1788278079.425968,1788278079.430082,1,A
1788278079.475451,1788278079.493445,1,A
1788278079.525801,1788278079.552188,1,C
1788278079.575343,1788278079.608623,1,C
1788278079.625365,1788278079.629467,1,C
1788278079.675596,1788278079.698293,1,A
1788278079.725769,1788278079.730317,1,A
1788278079.775947,1788278079.817525,1,A
1788278079.825418,1788278079.864613,1,C
1788278079.876074,1788278079.898052,1,A
1788278079.925435,1788278079.961675,1,C
1788278079.976218,1788278079.980702,1,A
1788278080.025582,1788278080.044877,1,A
1788278080.076393,1788278080.082533,1,C
1788278080.126329,1788278080.166127,1,C
1788278080.175766,1788278080.199623,1,A
1788278080.225919,1788278080.244188,1,C
1788278080.275679,1788278080.309320,1,A
1788278080.325881,1788278080.367141,1,C
1788278080.375747,1788278080.398098,1,C
1788278080.426301,1788278080.448734,1,C
1788278080.475999,1788278080.480564,1,A
1788278080.525409,1788278080.529666,1,A
1788278080.575738,1788278080.599775,1,A
1788278080.626007,1788278080.630364,1,A
1788278080.676203,1788278080.713577,1,A
1788278080.725765,1788278080.747627,1,A
1788278080.776112,1788278080.780827,1,A
1788278080.825774,1788278080.830235,1,C
1788278080.875668,1788278080.880804,1,A
1788278080.925948,1788278080.962879,1,C
1788278080.976425,1788278080.980744,1,A
1788278081.025901,1788278081.030527,1,A
1788278081.075904,1788278081.102622,1,C
1788278081.126137,1788278081.176980,1,A
1788278081.177007,1788278081.194801,1,C
1788278081.225509,1788278081.249309,1,A
1788278081.276304,1788278081.281937,1,A
1788278081.326155,1788278081.343758,1,A
1788278081.375366,1788278081.393808,1,A
1788278081.425748,1788278081.466337,1,A
1788278081.476098,1788278081.500658,1,A
1788278081.526448,1788278081.531416,1,A
1788278081.575717,1788278081.580333,1,A
1788278081.625706,1788278081.650705,1,A
1788278081.676240,1788278081.695849,1,A
1788278081.725797,1788278081.743251,1,A
1788278081.776115,1788278081.815604,1,C
1788278081.826072,1788278081.850389,1,C
1788278081.875342,1788278081.914010,1,A
1788278081.925766,1788278081.963056,1,A
1788278081.976062,1788278081.980093,1,A
1788278082.025440,1788278082.044750,1,C
1788278082.075861,1788278082.100917,1,C
1788278082.125516,1788278082.130564,1,A
1788278082.175680,1788278082.212928,1,C
1788278082.226137,1788278082.251801,1,A
1788278082.276310,1788278082.301085,1,A
1788278082.325829,1788278082.364306,1,C
1788278082.375963,1788278082.380605,1,A
1788278082.426256,1788278082.445860,1,A
1788278082.475762,1788278082.495840,1,A
1788278082.525427,1788278082.542943,1,C
1788278082.575801,1788278082.616463,1,C
1788278082.626220,1788278082.649757,1,A
1788278082.675456,1788278082.696793,1,A
1788278082.725962,1788278082.730875,1,A
1788278082.776424,1788278082.796306,1,A
1788278082.825502,1788278082.829712,1,A
1788278082.876232,1788278082.915675,1,C
1788278082.925896,1788278082.964088,1,A
1788278082.975789,1788278082.980164,1,A
1788278083.025983,1788278083.060314,1,C
1788278083.075753,1788278083.092789,1,A
1788278083.126323,1788278083.152339,1,A
1788278083.175737,1788278083.214890,1,A
1788278083.225853,1788278083.262745,1,C
1788278083.275396,1788278083.300807,1,A
1788278083.325982,1788278083.364782,1,C
1788278083.376011,1788278083.381251,1,A
1788278083.426049,1788278083.460547,1,A
1788278083.475600,1788278083.493087,1,A
1788278083.525407,1788278083.529832,1,A
1788278083.576214,1788278083.615096,1,A
1788278083.626138,1788278083.649640,1,A
1788278083.675411,1788278083.697696,1,A
1788278083.726514,1788278083.761270,1,A
1788278083.775565,1788278083.794060,1,A
1788278083.825429,1788278083.842846,1,A
1788278083.875992,1788278083.901387,1,A
1788278083.925760,1788278083.964796,1,C
1788278083.976178,1788278084.012822,1,A
1788278084.026117,1788278084.044171,1,A
1788278084.075481,1788278084.109731,1,C
1788278084.125613,1788278084.130001,1,A
1788278084.176006,1788278084.216217,1,A
1788278084.226148,1788278084.250650,1,C
1788278084.275532,1788278084.313359,1,C
1788278084.326149,1788278084.366789,1,C
1788278084.376108,1788278084.415802,1,C
1788278084.426000,1788278084.430764,1,A
1788278084.475619,1788278084.482857,1,A
1788278084.525919,1788278084.532520,1,A
1788278084.575572,1788278084.595330,1,A
1788278084.625645,1788278084.666242,1,A
1788278084.675977,1788278084.702121,1,A
1788278084.725678,1788278084.730069,1,A
1788278084.776511,1788278084.781302,1,A
1788278084.825788,1788278084.861231,1,C
1788278084.875705,1788278084.879946,1,A
1788278084.925836,1788278084.951205,1,A
1788278084.975596,1788278084.996319,1,A
1788278085.025673,1788278085.029962,1,A
1788278085.075774,1788278085.080322,1,A
1788278085.126086,1788278085.166762,1,A
1788278085.175932,1788278085.218802,1,A
1788278085.225644,1788278085.231574,1,A
1788278085.276563,1788278085.311130,1,C
1788278085.325835,1788278085.343588,1,A
1788278085.376415,1788278085.409600,1,C
1788278085.425868,1788278085.466514,1,C
1788278085.475821,1788278085.500661,1,C
1788278085.526273,1788278085.563390,1,A
1788278085.577366,1788278085.594613,1,A
1788278085.625946,1788278085.637720,1,A
1788278085.675627,1788278085.700109,1,A
1788278085.725863,1788278085.747926,1,A
1788278085.776019,1788278085.780576,1,A
1788278085.825729,1788278085.851913,1,A
1788278085.875602,1788278085.915011,1,A
1788278085.925624,1788278085.929410,1,A
1788278085.976154,1788278086.008998,1,A
1788278086.025820,1788278086.049226,1,A
1788278086.076353,1788278086.111150,1,C
1788278086.125590,1788278086.158550,1,C
1788278086.176027,1788278086.201728,1,C
1788278086.226242,1788278086.264615,1,C
1788278086.276173,1788278086.281222,1,A
1788278086.326377,1788278086.360799,1,C
1788278086.375691,1788278086.394206,1,A
1788278086.425618,1788278086.452119,1,C
1788278086.475776,1788278086.500713,1,A
1788278086.526168,1788278086.566660,1,C
1788278086.576079,1788278086.597659,1,A
1788278086.625656,1788278086.645804,1,A
1788278086.676159,1788278086.711081,1,A
1788278086.726418,1788278086.759625,1,A
1788278086.775592,1788278086.791718,1,C
1788278086.825623,1788278086.830904,1,A
1788278086.875931,1788278086.913495,1,C
1788278086.925787,1788278086.961925,1,A
1788278086.975754,1788278087.014501,1,C
1788278087.025743,1788278087.047888,1,C
1788278087.076108,1788278087.096479,1,A
1788278087.125733,1788278087.144737,1,A
1788278087.175448,1788278087.202229,1,C
1788278087.225944,1788278087.266198,1,A
1788278087.275359,1788278087.280252,1,A
1788278087.326037,1788278087.346636,1,C
1788278087.375566,1788278087.380123,1,C
1788278087.426147,1788278087.465879,1,A
1788278087.476368,1788278087.498433,1,A
1788278087.525985,1788278087.566345,1,C
1788278087.575938,1788278087.581403,1,C
1788278087.626355,1788278087.631727,1,A
1788278087.675769,1788278087.695173,1,A
1788278087.726264,1788278087.767884,1,C
1788278087.775537,1788278087.798819,1,A
1788278087.825590,1788278087.830956,1,C
1788278087.875957,1788278087.897106,1,A
1788278087.925786,1788278087.960133,1,C
1788278087.975746,1788278087.980570,1,A
1788278088.025707,1788278088.066848,1,C
1788278088.075968,1788278088.115368,1,C
1788278088.125654,1788278088.129752,1,A
1788278088.175841,1788278088.193986,1,C
1788278088.226216,1788278088.265946,1,C
1788278088.275933,1788278088.300258,1,C
1788278088.325870,1788278088.363013,1,C
1788278088.376125,1788278088.411458,1,C
1788278088.425723,1788278088.430281,1,A
1788278088.476075,1788278088.502952,1,C
1788278088.525588,1788278088.547152,1,A
1788278088.576056,1788278088.595431,1,C
1788278088.625546,1788278088.650021,1,A
1788278088.675662,1788278088.714662,1,A
1788278088.725802,1788278088.748975,1,A
1788278088.775698,1788278088.811185,1,A
1788278088.825871,1788278088.843528,1,A
1788278088.875381,1788278088.879539,1,A
1788278088.925470,1788278088.964441,1,C
1788278088.975962,1788278088.998399,1,A
1788278089.026172,1788278089.060905,1,C
